000:00:00.000,Info,14/07/2021 2:46,Service 'qwer_small_detect_vid' : Execution start,,
000:00:00.000,Info,Subject Identification,95 96,,
000:00:00.000,Info,Apparatus,Zantiks Unit,,
000:00:00.000,Info,Unit ID,992BEA,,
000:00:30.686,Info,Arena,1,Enter_Zone,2
000:00:30.686,Info,Arena,2,Enter_Zone,1
000:00:34.254,Info,Arena,2,Exit_Zone,1
000:00:34.254,Info,Arena,2,Enter_Zone,4
000:00:36.050,Info,Arena,2,Exit_Zone,4
000:00:36.050,Info,Arena,2,Enter_Zone,2
000:00:44.883,Info,Arena,1,Exit_Zone,2
000:00:44.883,Info,Arena,1,Enter_Zone,4
000:00:45.882,Info,Arena,2,Exit_Zone,2
000:00:45.882,Info,Arena,2,Enter_Zone,4
000:00:46.682,Info,Arena,1,Exit_Zone,4
000:00:46.682,Info,Arena,1,Enter_Zone,3
000:00:47.348,Info,Arena,2,Exit_Zone,4
000:00:47.348,Info,Arena,2,Enter_Zone,3
000:00:52.013,Info,Arena,2,Exit_Zone,3
000:00:52.013,Info,Arena,2,Enter_Zone,4
000:00:52.584,Info,Arena,2,Exit_Zone,4
000:00:52.584,Info,Arena,2,Enter_Zone,2
000:00:57.916,Info,Arena,2,Exit_Zone,2
000:00:57.916,Info,Arena,2,Enter_Zone,4
000:00:58.612,Info,Arena,2,Exit_Zone,4
000:00:58.612,Info,Arena,2,Enter_Zone,2
000:01:10.943,Info,Arena,2,Exit_Zone,2
000:01:10.943,Info,Arena,2,Enter_Zone,4
000:01:12.081,Info,Arena,2,Exit_Zone,4
000:01:12.081,Info,Arena,2,Enter_Zone,3
000:01:19.941,Info,Arena,2,Exit_Zone,3
000:01:19.941,Info,Arena,2,Enter_Zone,2
000:01:19.975,Info,Arena,2,Exit_Zone,2
000:01:19.975,Info,Arena,2,Enter_Zone,3
000:01:20.008,Info,Arena,2,Exit_Zone,3
000:01:20.008,Info,Arena,2,Enter_Zone,2
000:01:20.041,Info,Arena,2,Exit_Zone,2
000:01:20.041,Info,Arena,2,Enter_Zone,3
000:01:29.940,Info,Arena,2,Exit_Zone,3
000:01:29.940,Info,Arena,2,Enter_Zone,4
000:01:31.139,Info,Arena,2,Exit_Zone,4
000:01:31.139,Info,Arena,2,Enter_Zone,1
000:01:37.104,Info,Arena,2,Exit_Zone,1
000:01:37.104,Info,Arena,2,Enter_Zone,4
000:01:38.908,Info,Arena,2,Exit_Zone,4
000:01:38.908,Info,Arena,2,Enter_Zone,2
000:01:42.170,Info,Arena,1,Exit_Zone,3
000:01:42.170,Info,Arena,1,Enter_Zone,4
000:01:43.075,Info,Arena,1,Exit_Zone,4
000:01:43.075,Info,Arena,1,Enter_Zone,1
000:01:52.501,Info,Arena,2,Exit_Zone,2
000:01:52.501,Info,Arena,2,Enter_Zone,4
000:01:53.801,Info,Arena,1,Exit_Zone,1
000:01:53.801,Info,Arena,1,Enter_Zone,4
000:01:55.469,Info,Arena,2,Exit_Zone,4
000:01:55.469,Info,Arena,2,Enter_Zone,1
000:01:55.738,Info,Arena,1,Exit_Zone,4
000:01:55.738,Info,Arena,1,Enter_Zone,3
000:02:04.071,Info,Arena,2,Exit_Zone,1
000:02:04.071,Info,Arena,2,Enter_Zone,4
000:02:05.867,Info,Arena,2,Exit_Zone,4
000:02:05.867,Info,Arena,2,Enter_Zone,3
000:02:13.697,Info,Arena,1,Exit_Zone,3
000:02:13.697,Info,Arena,1,Enter_Zone,4
000:02:15.401,Info,Arena,1,Exit_Zone,4
000:02:15.401,Info,Arena,1,Enter_Zone,2
000:02:24.996,Info,Arena,2,Exit_Zone,3
000:02:24.996,Info,Arena,2,Enter_Zone,4
000:02:25.362,Info,Arena,1,Exit_Zone,2
000:02:25.362,Info,Arena,1,Enter_Zone,4
000:02:26.399,Info,Arena,1,Exit_Zone,4
000:02:26.399,Info,Arena,1,Enter_Zone,3
000:02:26.898,Info,Arena,2,Exit_Zone,4
000:02:26.898,Info,Arena,2,Enter_Zone,2
000:02:35.026,Info,Arena,2,Exit_Zone,2
000:02:35.026,Info,Arena,2,Enter_Zone,4
000:02:36.295,Info,Arena,2,Exit_Zone,4
000:02:36.295,Info,Arena,2,Enter_Zone,2
000:02:47.591,Info,Arena,2,Exit_Zone,2
000:02:47.591,Info,Arena,2,Enter_Zone,4
000:02:49.924,Info,Arena,2,Exit_Zone,4
000:02:49.924,Info,Arena,2,Enter_Zone,1
000:03:15.555,Info,Arena,2,Exit_Zone,1
000:03:15.555,Info,Arena,2,Enter_Zone,4
000:03:17.818,Info,Arena,2,Exit_Zone,4
000:03:17.818,Info,Arena,2,Enter_Zone,3
000:03:22.484,Info,Arena,2,Exit_Zone,3
000:03:22.484,Info,Arena,2,Enter_Zone,4
000:03:23.917,Info,Arena,2,Exit_Zone,4
000:03:23.917,Info,Arena,2,Enter_Zone,1
000:03:32.682,Info,Arena,2,Exit_Zone,1
000:03:32.682,Info,Arena,2,Enter_Zone,4
000:03:34.348,Info,Arena,2,Exit_Zone,4
000:03:34.348,Info,Arena,2,Enter_Zone,2
000:03:36.885,Info,Arena,1,Exit_Zone,3
000:03:36.885,Info,Arena,1,Enter_Zone,4
000:03:38.481,Info,Arena,1,Exit_Zone,4
000:03:38.481,Info,Arena,1,Enter_Zone,2
000:03:44.080,Info,Arena,1,Exit_Zone,2
000:03:44.080,Info,Arena,1,Enter_Zone,4
000:03:45.746,Info,Arena,1,Exit_Zone,4
000:03:45.746,Info,Arena,1,Enter_Zone,3
000:03:48.612,Info,Arena,2,Exit_Zone,2
000:03:48.612,Info,Arena,2,Enter_Zone,4
000:03:51.050,Info,Arena,2,Exit_Zone,4
000:03:51.050,Info,Arena,2,Enter_Zone,1
000:03:51.145,Info,Arena,1,Exit_Zone,3
000:03:51.145,Info,Arena,1,Enter_Zone,4
000:03:52.446,Info,Arena,2,Exit_Zone,1
000:03:52.446,Info,Arena,2,Enter_Zone,4
000:03:52.548,Info,Arena,1,Exit_Zone,4
000:03:52.548,Info,Arena,1,Enter_Zone,1
000:03:53.111,Info,Arena,2,Exit_Zone,4
000:03:53.111,Info,Arena,2,Enter_Zone,1
000:03:53.845,Info,Arena,2,Exit_Zone,1
000:03:53.845,Info,Arena,2,Enter_Zone,4
000:03:56.049,Info,Arena,2,Exit_Zone,4
000:03:56.049,Info,Arena,2,Enter_Zone,2
000:03:58.844,Info,Arena,1,Exit_Zone,1
000:03:58.844,Info,Arena,1,Enter_Zone,4
000:03:59.778,Info,Arena,1,Exit_Zone,4
000:03:59.778,Info,Arena,1,Enter_Zone,3
000:04:08.309,Info,Arena,2,Exit_Zone,2
000:04:08.309,Info,Arena,2,Enter_Zone,4
000:04:11.379,Info,Arena,1,Exit_Zone,3
000:04:11.379,Info,Arena,1,Enter_Zone,4
000:04:11.908,Info,Arena,2,Exit_Zone,4
000:04:11.908,Info,Arena,2,Enter_Zone,1
000:04:14.107,Info,Arena,1,Exit_Zone,4
000:04:14.107,Info,Arena,1,Enter_Zone,1
000:04:14.607,Info,Arena,2,Exit_Zone,1
000:04:14.607,Info,Arena,2,Enter_Zone,4
000:04:16.377,Info,Arena,2,Exit_Zone,4
000:04:16.377,Info,Arena,2,Enter_Zone,2
000:04:21.572,Info,Arena,1,Exit_Zone,1
000:04:21.572,Info,Arena,1,Enter_Zone,4
000:04:23.005,Info,Arena,1,Exit_Zone,4
000:04:23.005,Info,Arena,1,Enter_Zone,3
000:04:28.171,Info,Arena,2,Exit_Zone,2
000:04:28.171,Info,Arena,2,Enter_Zone,4
000:04:30.270,Info,Arena,2,Exit_Zone,4
000:04:30.270,Info,Arena,2,Enter_Zone,3
000:04:31.337,Info,Arena,2,Exit_Zone,3
000:04:31.337,Info,Arena,2,Enter_Zone,4
000:04:33.439,Info,Arena,2,Exit_Zone,4
000:04:33.439,Info,Arena,2,Enter_Zone,2
000:04:46.401,Info,Arena,2,Exit_Zone,2
000:04:46.401,Info,Arena,2,Enter_Zone,4
000:04:49.733,Info,Arena,2,Exit_Zone,4
000:04:49.733,Info,Arena,2,Enter_Zone,1
000:05:05.730,Info,Arena,1,Exit_Zone,3
000:05:05.730,Info,Arena,1,Enter_Zone,4
000:05:07.996,Info,Arena,1,Exit_Zone,4
000:05:07.996,Info,Arena,1,Enter_Zone,2
000:05:09.867,Info,Arena,2,Exit_Zone,1
000:05:09.867,Info,Arena,2,Enter_Zone,4
000:05:11.729,Info,Arena,2,Exit_Zone,4
000:05:11.729,Info,Arena,2,Enter_Zone,2
000:05:13.662,Info,Arena,1,Exit_Zone,2
000:05:13.662,Info,Arena,1,Enter_Zone,4
000:05:14.995,Info,Arena,1,Exit_Zone,4
000:05:14.995,Info,Arena,1,Enter_Zone,3
000:05:22.894,Info,Arena,2,Exit_Zone,2
000:05:22.894,Info,Arena,2,Enter_Zone,4
000:05:24.793,Info,Arena,2,Exit_Zone,4
000:05:24.793,Info,Arena,2,Enter_Zone,3
000:05:25.697,Info,Arena,1,Exit_Zone,3
000:05:25.697,Info,Arena,1,Enter_Zone,4
000:05:26.032,Info,Arena,2,Exit_Zone,3
000:05:26.032,Info,Arena,2,Enter_Zone,4
000:05:27.559,Info,Arena,1,Exit_Zone,4
000:05:27.559,Info,Arena,1,Enter_Zone,2
000:05:32.362,Info,Arena,2,Exit_Zone,4
000:05:32.362,Info,Arena,2,Enter_Zone,3
000:05:43.860,Info,Arena,1,Exit_Zone,2
000:05:43.860,Info,Arena,1,Enter_Zone,4
000:05:44.889,Info,Arena,1,Exit_Zone,4
000:05:44.889,Info,Arena,1,Enter_Zone,3
000:06:05.386,Info,Arena,1,Exit_Zone,3
000:06:05.386,Info,Arena,1,Enter_Zone,4
000:06:08.951,Info,Arena,1,Exit_Zone,4
000:06:08.951,Info,Arena,1,Enter_Zone,2
000:06:18.082,Info,Arena,1,Exit_Zone,2
000:06:18.082,Info,Arena,1,Enter_Zone,4
000:06:19.082,Info,Arena,1,Exit_Zone,4
000:06:19.082,Info,Arena,1,Enter_Zone,3
000:06:20.582,Info,Arena,2,Exit_Zone,3
000:06:20.582,Info,Arena,2,Enter_Zone,4
000:06:21.982,Info,Arena,2,Exit_Zone,4
000:06:21.982,Info,Arena,2,Enter_Zone,1
000:06:31.080,Info,Arena,1,Exit_Zone,3
000:06:31.080,Info,Arena,1,Enter_Zone,4
000:06:32.380,Info,Arena,1,Exit_Zone,4
000:06:32.380,Info,Arena,1,Enter_Zone,2
000:06:35.379,Info,Arena,1,Exit_Zone,2
000:06:35.379,Info,Arena,1,Enter_Zone,4
000:06:36.279,Info,Arena,1,Exit_Zone,4
000:06:36.279,Info,Arena,1,Enter_Zone,1
000:06:36.349,Info,Arena,1,Exit_Zone,1
000:06:36.349,Info,Arena,1,Enter_Zone,4
000:06:36.445,Info,Arena,1,Exit_Zone,4
000:06:36.445,Info,Arena,1,Enter_Zone,1
000:06:42.778,Info,Arena,2,Exit_Zone,1
000:06:42.778,Info,Arena,2,Enter_Zone,4
000:06:43.744,Info,Arena,2,Exit_Zone,4
000:06:43.744,Info,Arena,2,Enter_Zone,1
000:06:44.144,Info,Arena,2,Exit_Zone,1
000:06:44.144,Info,Arena,2,Enter_Zone,4
000:06:44.777,Info,Arena,1,Exit_Zone,1
000:06:44.777,Info,Arena,1,Enter_Zone,4
000:06:45.744,Info,Arena,2,Exit_Zone,4
000:06:45.744,Info,Arena,2,Enter_Zone,1
000:06:46.044,Info,Arena,1,Exit_Zone,4
000:06:46.044,Info,Arena,1,Enter_Zone,3
000:06:54.346,Info,Arena,1,Exit_Zone,3
000:06:54.346,Info,Arena,1,Enter_Zone,4
000:06:57.975,Info,Arena,2,Exit_Zone,1
000:06:57.975,Info,Arena,2,Enter_Zone,4
000:06:58.241,Info,Arena,1,Exit_Zone,4
000:06:58.241,Info,Arena,1,Enter_Zone,2
000:06:59.741,Info,Arena,2,Exit_Zone,4
000:06:59.741,Info,Arena,2,Enter_Zone,3
000:07:12.705,Info,Arena,2,Exit_Zone,3
000:07:12.705,Info,Arena,2,Enter_Zone,4
000:07:14.342,Info,Arena,2,Exit_Zone,4
000:07:14.342,Info,Arena,2,Enter_Zone,1
000:07:15.571,Info,Arena,1,Exit_Zone,2
000:07:15.571,Info,Arena,1,Enter_Zone,4
000:07:17.071,Info,Arena,1,Exit_Zone,4
000:07:17.071,Info,Arena,1,Enter_Zone,3
000:07:21.937,Info,Arena,2,Exit_Zone,1
000:07:21.937,Info,Arena,2,Enter_Zone,4
000:07:23.937,Info,Arena,2,Exit_Zone,4
000:07:23.937,Info,Arena,2,Enter_Zone,2
000:07:34.838,Info,Arena,2,Exit_Zone,2
000:07:34.838,Info,Arena,2,Enter_Zone,4
000:07:37.467,Info,Arena,2,Exit_Zone,4
000:07:37.467,Info,Arena,2,Enter_Zone,1
000:07:44.700,Info,Arena,1,Exit_Zone,3
000:07:44.700,Info,Arena,1,Enter_Zone,4
000:07:45.565,Info,Arena,1,Exit_Zone,4
000:07:45.565,Info,Arena,1,Enter_Zone,1
000:07:46.932,Info,Arena,2,Exit_Zone,1
000:07:46.932,Info,Arena,2,Enter_Zone,4
000:07:48.169,Info,Arena,2,Exit_Zone,4
000:07:48.169,Info,Arena,2,Enter_Zone,3
000:07:50.800,Info,Arena,1,Exit_Zone,1
000:07:50.800,Info,Arena,1,Enter_Zone,4
000:07:51.731,Info,Arena,1,Exit_Zone,4
000:07:51.731,Info,Arena,1,Enter_Zone,3
000:07:59.896,Info,Arena,1,Exit_Zone,3
000:07:59.896,Info,Arena,1,Enter_Zone,4
000:08:00.797,Info,Arena,1,Exit_Zone,4
000:08:00.797,Info,Arena,1,Enter_Zone,1
000:08:06.999,Info,Arena,1,Exit_Zone,1
000:08:06.999,Info,Arena,1,Enter_Zone,4
000:08:07.861,Info,Arena,1,Exit_Zone,4
000:08:07.861,Info,Arena,1,Enter_Zone,3
000:08:07.999,Info,Arena,2,Exit_Zone,3
000:08:07.999,Info,Arena,2,Enter_Zone,4
000:08:09.894,Info,Arena,2,Exit_Zone,4
000:08:09.894,Info,Arena,2,Enter_Zone,1
000:08:20.425,Info,Arena,2,Exit_Zone,1
000:08:20.425,Info,Arena,2,Enter_Zone,4
000:08:20.525,Info,Arena,2,Exit_Zone,4
000:08:20.525,Info,Arena,2,Enter_Zone,1
000:08:20.558,Info,Arena,2,Exit_Zone,1
000:08:20.558,Info,Arena,2,Enter_Zone,4
000:08:22.091,Info,Arena,1,Exit_Zone,3
000:08:22.091,Info,Arena,1,Enter_Zone,4
000:08:22.662,Info,Arena,2,Exit_Zone,4
000:08:22.662,Info,Arena,2,Enter_Zone,2
000:08:23.525,Info,Arena,1,Exit_Zone,4
000:08:23.525,Info,Arena,1,Enter_Zone,1
000:08:30.160,Info,Arena,1,Exit_Zone,1
000:08:30.160,Info,Arena,1,Enter_Zone,4
000:08:30.856,Info,Arena,2,Exit_Zone,2
000:08:30.856,Info,Arena,2,Enter_Zone,4
000:08:31.391,Info,Arena,1,Exit_Zone,4
000:08:31.391,Info,Arena,1,Enter_Zone,1
000:08:32.023,Info,Arena,2,Exit_Zone,4
000:08:32.023,Info,Arena,2,Enter_Zone,3
000:08:34.056,Info,Arena,1,Exit_Zone,1
000:08:34.056,Info,Arena,1,Enter_Zone,4
000:08:34.922,Info,Arena,1,Exit_Zone,4
000:08:34.922,Info,Arena,1,Enter_Zone,2
000:08:36.190,Info,Arena,1,Exit_Zone,2
000:08:36.190,Info,Arena,1,Enter_Zone,4
000:08:37.827,Info,Arena,1,Exit_Zone,4
000:08:37.827,Info,Arena,1,Enter_Zone,3
000:08:46.553,Info,Arena,1,Exit_Zone,3
000:08:46.553,Info,Arena,1,Enter_Zone,4
000:08:47.823,Info,Arena,1,Exit_Zone,4
000:08:47.823,Info,Arena,1,Enter_Zone,2
000:08:53.552,Info,Arena,2,Exit_Zone,3
000:08:53.552,Info,Arena,2,Enter_Zone,4
000:08:54.420,Info,Arena,2,Exit_Zone,4
000:08:54.420,Info,Arena,2,Enter_Zone,1
000:08:56.684,Info,Arena,1,Exit_Zone,2
000:08:56.684,Info,Arena,1,Enter_Zone,4
000:08:57.718,Info,Arena,1,Exit_Zone,4
000:08:57.718,Info,Arena,1,Enter_Zone,3
000:09:03.654,Info,Arena,1,Exit_Zone,3
000:09:03.654,Info,Arena,1,Enter_Zone,4
000:09:05.050,Info,Arena,1,Exit_Zone,4
000:09:05.050,Info,Arena,1,Enter_Zone,1
000:09:12.819,Info,Arena,1,Exit_Zone,1
000:09:12.819,Info,Arena,1,Enter_Zone,4
000:09:13.948,Info,Arena,1,Exit_Zone,4
000:09:13.948,Info,Arena,1,Enter_Zone,2
000:09:16.447,Info,Arena,2,Exit_Zone,1
000:09:16.447,Info,Arena,2,Enter_Zone,4
000:09:17.880,Info,Arena,2,Exit_Zone,4
000:09:17.880,Info,Arena,2,Enter_Zone,3
000:09:17.986,Info,Arena,2,Exit_Zone,3
000:09:17.986,Info,Arena,2,Enter_Zone,4
000:09:18.014,Info,Arena,2,Exit_Zone,4
000:09:18.014,Info,Arena,2,Enter_Zone,3
000:09:24.912,Info,Arena,1,Exit_Zone,2
000:09:24.912,Info,Arena,1,Enter_Zone,4
000:09:25.945,Info,Arena,1,Exit_Zone,4
000:09:25.945,Info,Arena,1,Enter_Zone,1
000:09:33.011,Info,Arena,2,Exit_Zone,3
000:09:33.011,Info,Arena,2,Enter_Zone,4
000:09:33.877,Info,Arena,2,Exit_Zone,4
000:09:33.877,Info,Arena,2,Enter_Zone,1
000:09:38.610,Info,Arena,1,Exit_Zone,1
000:09:38.610,Info,Arena,1,Enter_Zone,4
000:09:39.678,Info,Arena,1,Exit_Zone,4
000:09:39.678,Info,Arena,1,Enter_Zone,2
000:09:39.709,Info,Arena,1,Exit_Zone,2
000:09:39.709,Info,Arena,1,Enter_Zone,4
000:09:39.777,Info,Arena,1,Exit_Zone,4
000:09:39.777,Info,Arena,1,Enter_Zone,2
000:09:39.877,Info,Arena,1,Exit_Zone,2
000:09:39.877,Info,Arena,1,Enter_Zone,4
000:09:40.109,Info,Arena,1,Exit_Zone,4
000:09:40.109,Info,Arena,1,Enter_Zone,2
000:09:40.146,Info,Arena,1,Exit_Zone,2
000:09:40.146,Info,Arena,1,Enter_Zone,4
000:09:40.377,Info,Arena,1,Exit_Zone,4
000:09:40.377,Info,Arena,1,Enter_Zone,2
000:09:40.409,Info,Arena,1,Exit_Zone,2
000:09:40.409,Info,Arena,1,Enter_Zone,4
000:09:40.542,Info,Arena,1,Exit_Zone,4
000:09:40.542,Info,Arena,1,Enter_Zone,2
000:09:48.575,Info,Arena,2,Exit_Zone,1
000:09:48.575,Info,Arena,2,Enter_Zone,4
000:09:51.042,Info,Arena,2,Exit_Zone,4
000:09:51.042,Info,Arena,2,Enter_Zone,2
000:09:58.906,Info,Arena,1,Exit_Zone,2
000:09:58.906,Info,Arena,1,Enter_Zone,4
000:10:00.205,Info,Arena,1,Exit_Zone,4
000:10:00.205,Info,Arena,1,Enter_Zone,3
000:10:10.807,Info,Arena,2,Exit_Zone,2
000:10:10.807,Info,Arena,2,Enter_Zone,4
000:10:12.371,Info,Arena,2,Exit_Zone,4
000:10:12.371,Info,Arena,2,Enter_Zone,1
000:10:23.001,Info,Arena,1,Exit_Zone,3
000:10:23.001,Info,Arena,1,Enter_Zone,4
000:10:23.434,Info,Arena,2,Exit_Zone,1
000:10:23.434,Info,Arena,2,Enter_Zone,4
000:10:25.200,Info,Arena,1,Exit_Zone,4
000:10:25.200,Info,Arena,1,Enter_Zone,1
000:10:26.700,Info,Arena,2,Exit_Zone,4
000:10:26.700,Info,Arena,2,Enter_Zone,1
000:10:36.332,Info,Arena,1,Exit_Zone,1
000:10:36.332,Info,Arena,1,Enter_Zone,4
000:10:38.031,Info,Arena,1,Exit_Zone,4
000:10:38.031,Info,Arena,1,Enter_Zone,2
000:10:38.099,Info,Arena,1,Exit_Zone,2
000:10:38.099,Info,Arena,1,Enter_Zone,4
000:10:38.135,Info,Arena,1,Exit_Zone,4
000:10:38.135,Info,Arena,1,Enter_Zone,2
000:10:41.231,Info,Arena,2,Exit_Zone,1
000:10:41.231,Info,Arena,2,Enter_Zone,4
000:10:43.968,Info,Arena,2,Exit_Zone,4
000:10:43.968,Info,Arena,2,Enter_Zone,3
000:10:50.262,Info,Arena,1,Exit_Zone,2
000:10:50.262,Info,Arena,1,Enter_Zone,4
000:10:52.229,Info,Arena,1,Exit_Zone,4
000:10:52.229,Info,Arena,1,Enter_Zone,1
000:10:53.363,Info,Arena,2,Exit_Zone,3
000:10:53.363,Info,Arena,2,Enter_Zone,4
000:10:58.362,Info,Arena,2,Exit_Zone,4
000:10:58.362,Info,Arena,2,Enter_Zone,2
000:11:02.660,Info,Arena,1,Exit_Zone,1
000:11:02.660,Info,Arena,1,Enter_Zone,4
000:11:04.630,Info,Arena,1,Exit_Zone,4
000:11:04.630,Info,Arena,1,Enter_Zone,2
000:11:07.462,Info,Arena,2,Exit_Zone,2
000:11:07.462,Info,Arena,2,Enter_Zone,4
000:11:10.025,Info,Arena,2,Exit_Zone,4
000:11:10.025,Info,Arena,2,Enter_Zone,1
000:11:40.255,Info,Arena,2,Exit_Zone,1
000:11:40.255,Info,Arena,2,Enter_Zone,4
000:11:42.219,Info,Arena,2,Exit_Zone,4
000:11:42.219,Info,Arena,2,Enter_Zone,3
000:12:52.838,Info,Arena,2,Exit_Zone,3
000:12:52.838,Info,Arena,2,Enter_Zone,4
000:12:58.670,Info,Arena,2,Exit_Zone,4
000:12:58.670,Info,Arena,2,Enter_Zone,1
000:13:05.537,Info,Arena,1,Exit_Zone,2
000:13:05.537,Info,Arena,1,Enter_Zone,4
000:13:07.402,Info,Arena,1,Exit_Zone,4
000:13:07.402,Info,Arena,1,Enter_Zone,1
000:13:08.272,Info,Arena,2,Exit_Zone,1
000:13:08.272,Info,Arena,2,Enter_Zone,4
000:13:10.136,Info,Arena,2,Exit_Zone,4
000:13:10.136,Info,Arena,2,Enter_Zone,3
000:13:45.061,Info,Arena,1,Exit_Zone,1
000:13:45.061,Info,Arena,1,Enter_Zone,4
000:13:46.494,Info,Arena,1,Exit_Zone,4
000:13:46.494,Info,Arena,1,Enter_Zone,1
000:13:56.625,Info,Arena,1,Exit_Zone,1
000:13:56.625,Info,Arena,1,Enter_Zone,4
000:13:58.625,Info,Arena,1,Exit_Zone,4
000:13:58.625,Info,Arena,1,Enter_Zone,3
000:14:21.322,Info,Arena,2,Exit_Zone,3
000:14:21.322,Info,Arena,2,Enter_Zone,4
000:14:25.257,Info,Arena,2,Exit_Zone,4
000:14:25.257,Info,Arena,2,Enter_Zone,2
000:14:26.153,Info,Arena,1,Exit_Zone,3
000:14:26.153,Info,Arena,1,Enter_Zone,4
000:14:29.120,Info,Arena,1,Exit_Zone,4
000:14:29.120,Info,Arena,1,Enter_Zone,1
000:14:34.721,Info,Arena,2,Exit_Zone,2
000:14:34.721,Info,Arena,2,Enter_Zone,4
000:14:37.684,Info,Arena,2,Exit_Zone,4
000:14:37.684,Info,Arena,2,Enter_Zone,1
000:14:51.848,Info,Arena,1,Exit_Zone,1
000:14:51.848,Info,Arena,1,Enter_Zone,4
000:14:55.347,Info,Arena,1,Exit_Zone,4
000:14:55.347,Info,Arena,1,Enter_Zone,3
000:14:58.417,Info,Arena,1,Exit_Zone,3
000:14:58.417,Info,Arena,1,Enter_Zone,4
000:14:59.380,Info,Arena,1,Exit_Zone,4
000:14:59.380,Info,Arena,1,Enter_Zone,3
000:15:04.045,Info,Arena,2,Exit_Zone,1
000:15:04.045,Info,Arena,2,Enter_Zone,4
000:15:04.878,Info,Arena,2,Exit_Zone,4
000:15:04.878,Info,Arena,2,Enter_Zone,3
000:15:53.469,Info,Arena,2,Exit_Zone,3
000:15:53.469,Info,Arena,2,Enter_Zone,4
000:15:54.503,Info,Arena,2,Exit_Zone,4
000:15:54.503,Info,Arena,2,Enter_Zone,1
000:16:04.905,Info,Arena,2,Exit_Zone,1
000:16:04.905,Info,Arena,2,Enter_Zone,4
000:16:06.933,Info,Arena,2,Exit_Zone,4
000:16:06.933,Info,Arena,2,Enter_Zone,3
000:16:20.997,Info,Arena,1,Exit_Zone,3
000:16:20.997,Info,Arena,1,Enter_Zone,4
000:16:25.066,Info,Arena,1,Exit_Zone,4
000:16:25.066,Info,Arena,1,Enter_Zone,3
000:16:29.066,Info,Arena,1,Exit_Zone,3
000:16:29.066,Info,Arena,1,Enter_Zone,4
000:16:32.828,Info,Arena,1,Exit_Zone,4
000:16:32.828,Info,Arena,1,Enter_Zone,1
000:17:20.087,Info,Arena,1,Exit_Zone,1
000:17:20.087,Info,Arena,1,Enter_Zone,4
000:17:22.451,Info,Arena,1,Exit_Zone,4
000:17:22.451,Info,Arena,1,Enter_Zone,2
000:17:24.889,Info,Arena,1,Exit_Zone,2
000:17:24.889,Info,Arena,1,Enter_Zone,4
000:17:27.150,Info,Arena,1,Exit_Zone,4
000:17:27.150,Info,Arena,1,Enter_Zone,3
000:17:33.149,Info,Arena,1,Exit_Zone,3
000:17:33.149,Info,Arena,1,Enter_Zone,4
000:17:34.849,Info,Arena,1,Exit_Zone,4
000:17:34.849,Info,Arena,1,Enter_Zone,2
000:18:34.404,Info,Arena,2,Exit_Zone,3
000:18:34.404,Info,Arena,2,Enter_Zone,4
000:18:35.672,Info,Arena,2,Exit_Zone,4
000:18:35.672,Info,Arena,2,Enter_Zone,1
000:18:45.902,Info,Arena,2,Exit_Zone,1
000:18:45.902,Info,Arena,2,Enter_Zone,4
000:18:47.635,Info,Arena,2,Exit_Zone,4
000:18:47.635,Info,Arena,2,Enter_Zone,2
000:18:56.703,Info,Arena,2,Exit_Zone,2
000:18:56.703,Info,Arena,2,Enter_Zone,4
000:18:58.036,Info,Arena,2,Exit_Zone,4
000:18:58.036,Info,Arena,2,Enter_Zone,2
000:19:10.931,Info,Arena,2,Exit_Zone,2
000:19:10.931,Info,Arena,2,Enter_Zone,4
000:19:12.200,Info,Arena,1,Exit_Zone,2
000:19:12.200,Info,Arena,1,Enter_Zone,4
000:19:16.129,Info,Arena,1,Exit_Zone,4
000:19:16.129,Info,Arena,1,Enter_Zone,1
000:19:16.429,Info,Arena,1,Exit_Zone,1
000:19:16.429,Info,Arena,1,Enter_Zone,4
000:19:16.496,Info,Arena,1,Exit_Zone,4
000:19:16.496,Info,Arena,1,Enter_Zone,1
000:19:16.962,Info,Arena,2,Exit_Zone,4
000:19:16.962,Info,Arena,2,Enter_Zone,3
000:19:18.229,Info,Arena,2,Exit_Zone,3
000:19:18.229,Info,Arena,2,Enter_Zone,4
000:19:21.228,Info,Arena,2,Exit_Zone,4
000:19:21.228,Info,Arena,2,Enter_Zone,2
000:19:37.059,Info,Arena,2,Exit_Zone,2
000:19:37.059,Info,Arena,2,Enter_Zone,4
000:19:40.259,Info,Arena,2,Exit_Zone,4
000:19:40.259,Info,Arena,2,Enter_Zone,1
000:19:41.091,Info,Arena,1,Exit_Zone,1
000:19:41.091,Info,Arena,1,Enter_Zone,4
000:19:44.658,Info,Arena,1,Exit_Zone,4
000:19:44.658,Info,Arena,1,Enter_Zone,1
000:19:52.656,Info,Arena,2,Exit_Zone,1
000:19:52.656,Info,Arena,2,Enter_Zone,4
000:20:02.121,Info,Arena,2,Exit_Zone,4
000:20:02.121,Info,Arena,2,Enter_Zone,1
000:20:19.283,Info,Arena,2,Exit_Zone,1
000:20:19.283,Info,Arena,2,Enter_Zone,4
000:20:21.189,Info,Arena,2,Exit_Zone,4
000:20:21.189,Info,Arena,2,Enter_Zone,3
000:20:29.548,Info,Arena,1,Exit_Zone,1
000:20:29.548,Info,Arena,1,Enter_Zone,4
000:20:31.714,Info,Arena,1,Exit_Zone,4
000:20:31.714,Info,Arena,1,Enter_Zone,3
000:20:48.311,Info,Arena,1,Exit_Zone,3
000:20:48.311,Info,Arena,1,Enter_Zone,4
000:20:48.645,Info,Arena,1,Exit_Zone,4
000:20:48.645,Info,Arena,1,Enter_Zone,3
000:20:59.608,Info,Arena,1,Exit_Zone,3
000:20:59.608,Info,Arena,1,Enter_Zone,4
000:21:02.108,Info,Arena,1,Exit_Zone,4
000:21:02.108,Info,Arena,1,Enter_Zone,3
000:21:11.241,Info,Arena,1,Exit_Zone,3
000:21:11.241,Info,Arena,1,Enter_Zone,4
000:21:13.010,Info,Arena,1,Exit_Zone,4
000:21:13.010,Info,Arena,1,Enter_Zone,2
000:21:22.804,Info,Arena,1,Exit_Zone,2
000:21:22.804,Info,Arena,1,Enter_Zone,4
000:21:23.537,Info,Arena,1,Exit_Zone,4
000:21:23.537,Info,Arena,1,Enter_Zone,3
000:21:32.037,Info,Arena,1,Exit_Zone,3
000:21:32.037,Info,Arena,1,Enter_Zone,4
000:21:33.269,Info,Arena,1,Exit_Zone,4
000:21:33.269,Info,Arena,1,Enter_Zone,1
000:21:42.267,Info,Arena,2,Exit_Zone,3
000:21:42.267,Info,Arena,2,Enter_Zone,4
000:21:43.600,Info,Arena,1,Exit_Zone,1
000:21:43.600,Info,Arena,1,Enter_Zone,4
000:21:45.266,Info,Arena,2,Exit_Zone,4
000:21:45.266,Info,Arena,2,Enter_Zone,1
000:21:45.700,Info,Arena,1,Exit_Zone,4
000:21:45.700,Info,Arena,1,Enter_Zone,2
000:22:03.929,Info,Arena,2,Exit_Zone,1
000:22:03.929,Info,Arena,2,Enter_Zone,4
000:22:06.231,Info,Arena,2,Exit_Zone,4
000:22:06.231,Info,Arena,2,Enter_Zone,2
000:22:33.025,Info,Arena,1,Exit_Zone,2
000:22:33.025,Info,Arena,1,Enter_Zone,4
000:22:33.958,Info,Arena,2,Exit_Zone,2
000:22:33.958,Info,Arena,2,Enter_Zone,4
000:22:34.290,Info,Arena,1,Exit_Zone,4
000:22:34.290,Info,Arena,1,Enter_Zone,1
000:22:34.557,Info,Arena,2,Exit_Zone,4
000:22:34.557,Info,Arena,2,Enter_Zone,2
000:22:34.691,Info,Arena,2,Exit_Zone,2
000:22:34.691,Info,Arena,2,Enter_Zone,4
000:22:34.856,Info,Arena,2,Exit_Zone,4
000:22:34.856,Info,Arena,2,Enter_Zone,2
000:22:37.828,Info,Arena,2,Exit_Zone,2
000:22:37.828,Info,Arena,2,Enter_Zone,4
000:22:40.922,Info,Arena,2,Exit_Zone,4
000:22:40.922,Info,Arena,2,Enter_Zone,3
000:23:36.578,Info,Arena,2,Exit_Zone,3
000:23:36.578,Info,Arena,2,Enter_Zone,4
000:23:40.211,Info,Arena,2,Exit_Zone,4
000:23:40.211,Info,Arena,2,Enter_Zone,1
000:23:41.744,Info,Arena,1,Exit_Zone,1
000:23:41.744,Info,Arena,1,Enter_Zone,4
000:23:44.576,Info,Arena,1,Exit_Zone,4
000:23:44.576,Info,Arena,1,Enter_Zone,3
000:23:49.942,Info,Arena,1,Exit_Zone,3
000:23:49.942,Info,Arena,1,Enter_Zone,4
000:23:51.645,Info,Arena,1,Exit_Zone,4
000:23:51.645,Info,Arena,1,Enter_Zone,2
000:24:16.170,Info,Arena,2,Exit_Zone,1
000:24:16.170,Info,Arena,2,Enter_Zone,4
000:24:19.536,Info,Arena,2,Exit_Zone,4
000:24:19.536,Info,Arena,2,Enter_Zone,3
000:24:35.636,Info,Arena,1,Exit_Zone,2
000:24:35.636,Info,Arena,1,Enter_Zone,4
000:24:36.969,Info,Arena,1,Exit_Zone,4
000:24:36.969,Info,Arena,1,Enter_Zone,3
000:24:42.803,Info,Arena,1,Exit_Zone,3
000:24:42.803,Info,Arena,1,Enter_Zone,4
000:24:44.365,Info,Arena,1,Exit_Zone,4
000:24:44.365,Info,Arena,1,Enter_Zone,2
000:24:55.896,Info,Arena,1,Exit_Zone,2
000:24:55.896,Info,Arena,1,Enter_Zone,4
000:24:57.632,Info,Arena,1,Exit_Zone,4
000:24:57.632,Info,Arena,1,Enter_Zone,3
000:24:57.728,Info,Arena,1,Exit_Zone,3
000:24:57.728,Info,Arena,1,Enter_Zone,4
000:24:57.800,Info,Arena,1,Exit_Zone,4
000:24:57.800,Info,Arena,1,Enter_Zone,3
000:25:00.861,Info,Arena,1,Exit_Zone,3
000:25:00.861,Info,Arena,1,Enter_Zone,4
000:25:02.595,Info,Arena,1,Exit_Zone,4
000:25:02.595,Info,Arena,1,Enter_Zone,2
000:25:13.425,Info,Arena,1,Exit_Zone,2
000:25:13.425,Info,Arena,1,Enter_Zone,4
000:25:16.691,Info,Arena,1,Exit_Zone,4
000:25:16.691,Info,Arena,1,Enter_Zone,2
000:26:00.416,Info,Arena,1,Exit_Zone,2
000:26:00.416,Info,Arena,1,Enter_Zone,4
000:26:01.619,Info,Arena,1,Exit_Zone,4
000:26:01.619,Info,Arena,1,Enter_Zone,1
000:26:07.048,Info,Arena,2,Exit_Zone,3
000:26:07.048,Info,Arena,2,Enter_Zone,4
000:26:09.881,Info,Arena,2,Exit_Zone,4
000:26:09.881,Info,Arena,2,Enter_Zone,2
000:26:20.282,Info,Arena,2,Exit_Zone,2
000:26:20.282,Info,Arena,2,Enter_Zone,4
000:26:21.012,Info,Arena,1,Exit_Zone,1
000:26:21.012,Info,Arena,1,Enter_Zone,4
000:26:22.078,Info,Arena,2,Exit_Zone,4
000:26:22.078,Info,Arena,2,Enter_Zone,1
000:26:23.116,Info,Arena,1,Exit_Zone,4
000:26:23.116,Info,Arena,1,Enter_Zone,2
000:26:29.644,Info,Arena,1,Exit_Zone,2
000:26:29.644,Info,Arena,1,Enter_Zone,4
000:26:32.344,Info,Arena,1,Exit_Zone,4
000:26:32.344,Info,Arena,1,Enter_Zone,1
000:26:36.613,Info,Arena,2,Exit_Zone,1
000:26:36.613,Info,Arena,2,Enter_Zone,4
000:26:37.342,Info,Arena,2,Exit_Zone,4
000:26:37.342,Info,Arena,2,Enter_Zone,1
000:26:48.806,Info,Arena,1,Exit_Zone,1
000:26:48.806,Info,Arena,1,Enter_Zone,4
000:26:49.240,Info,Arena,1,Exit_Zone,4
000:26:49.240,Info,Arena,1,Enter_Zone,1
000:27:00.572,Info,Arena,1,Exit_Zone,1
000:27:00.572,Info,Arena,1,Enter_Zone,4
000:27:01.737,Info,Arena,2,Exit_Zone,1
000:27:01.737,Info,Arena,2,Enter_Zone,4
000:27:04.274,Info,Arena,2,Exit_Zone,4
000:27:04.274,Info,Arena,2,Enter_Zone,1
000:27:06.336,Info,Arena,1,Exit_Zone,4
000:27:06.336,Info,Arena,1,Enter_Zone,1
000:27:20.633,Info,Arena,2,Exit_Zone,1
000:27:20.633,Info,Arena,2,Enter_Zone,4
000:27:22.900,Info,Arena,2,Exit_Zone,4
000:27:22.900,Info,Arena,2,Enter_Zone,3
000:27:29.832,Info,Arena,1,Exit_Zone,1
000:27:29.832,Info,Arena,1,Enter_Zone,4
000:27:30.731,Info,Arena,1,Exit_Zone,4
000:27:30.731,Info,Arena,1,Enter_Zone,1
000:27:48.728,Info,Arena,1,Exit_Zone,1
000:27:48.728,Info,Arena,1,Enter_Zone,4
000:27:51.162,Info,Arena,1,Exit_Zone,4
000:27:51.162,Info,Arena,1,Enter_Zone,3
000:28:14.856,Info,Arena,2,Exit_Zone,3
000:28:14.856,Info,Arena,2,Enter_Zone,4
000:28:17.057,Info,Arena,2,Exit_Zone,4
000:28:17.057,Info,Arena,2,Enter_Zone,1
000:28:28.387,Info,Arena,2,Exit_Zone,1
000:28:28.387,Info,Arena,2,Enter_Zone,4
000:28:30.424,Info,Arena,2,Exit_Zone,4
000:28:30.424,Info,Arena,2,Enter_Zone,2
000:28:42.088,Info,Arena,2,Exit_Zone,2
000:28:42.088,Info,Arena,2,Enter_Zone,4
000:28:44.587,Info,Arena,2,Exit_Zone,4
000:28:44.587,Info,Arena,2,Enter_Zone,1
000:28:57.881,Info,Arena,2,Exit_Zone,1
000:28:57.881,Info,Arena,2,Enter_Zone,4
000:29:00.752,Info,Arena,2,Exit_Zone,4
000:29:00.752,Info,Arena,2,Enter_Zone,2
000:29:42.472,Info,Arena,2,Exit_Zone,2
000:29:42.472,Info,Arena,2,Enter_Zone,4
000:29:46.705,Info,Arena,2,Exit_Zone,4
000:29:46.705,Info,Arena,2,Enter_Zone,1
000:30:02.601,Info,Arena,2,Exit_Zone,1
000:30:02.601,Info,Arena,2,Enter_Zone,4
000:30:04.101,Info,Arena,2,Exit_Zone,4
000:30:04.101,Info,Arena,2,Enter_Zone,2
000:30:25.632,Info,Arena,2,Exit_Zone,2
000:30:25.632,Info,Arena,2,Enter_Zone,4
000:30:27.067,Info,Arena,2,Exit_Zone,4
000:30:27.067,Info,Arena,2,Enter_Zone,3
000:31:09.727,Info,Arena,2,Exit_Zone,3
000:31:09.727,Info,Arena,2,Enter_Zone,4
000:31:11.058,Info,Arena,2,Exit_Zone,4
000:31:11.058,Info,Arena,2,Enter_Zone,1
000:31:22.652,Info,Arena,2,Exit_Zone,1
000:31:22.652,Info,Arena,2,Enter_Zone,4
000:31:23.752,Info,Arena,2,Exit_Zone,4
000:31:23.752,Info,Arena,2,Enter_Zone,2
000:31:41.054,Info,Arena,1,Exit_Zone,3
000:31:41.054,Info,Arena,1,Enter_Zone,4
000:31:45.448,Info,Arena,1,Exit_Zone,4
000:31:45.448,Info,Arena,1,Enter_Zone,2
000:31:48.551,Info,Arena,1,Exit_Zone,2
000:31:48.551,Info,Arena,1,Enter_Zone,4
000:31:49.981,Info,Arena,2,Exit_Zone,2
000:31:49.981,Info,Arena,2,Enter_Zone,4
000:31:51.051,Info,Arena,1,Exit_Zone,4
000:31:51.051,Info,Arena,1,Enter_Zone,1
000:31:53.217,Info,Arena,2,Exit_Zone,4
000:31:53.217,Info,Arena,2,Enter_Zone,1
000:31:58.216,Info,Arena,1,Exit_Zone,1
000:31:58.216,Info,Arena,1,Enter_Zone,4
000:32:00.178,Info,Arena,2,Exit_Zone,1
000:32:00.178,Info,Arena,2,Enter_Zone,4
000:32:00.445,Info,Arena,1,Exit_Zone,4
000:32:00.445,Info,Arena,1,Enter_Zone,3
000:32:00.479,Info,Arena,1,Exit_Zone,3
000:32:00.479,Info,Arena,1,Enter_Zone,4
000:32:00.513,Info,Arena,1,Exit_Zone,4
000:32:00.513,Info,Arena,1,Enter_Zone,3
000:32:00.549,Info,Arena,1,Exit_Zone,3
000:32:00.549,Info,Arena,1,Enter_Zone,4
000:32:00.578,Info,Arena,1,Exit_Zone,4
000:32:00.578,Info,Arena,1,Enter_Zone,3
000:32:02.411,Info,Arena,2,Exit_Zone,4
000:32:02.411,Info,Arena,2,Enter_Zone,3
000:32:07.381,Info,Arena,1,Exit_Zone,3
000:32:07.381,Info,Arena,1,Enter_Zone,4
000:32:10.243,Info,Arena,1,Exit_Zone,4
000:32:10.243,Info,Arena,1,Enter_Zone,2
000:32:18.879,Info,Arena,1,Exit_Zone,2
000:32:18.879,Info,Arena,1,Enter_Zone,4
000:32:23.378,Info,Arena,1,Exit_Zone,4
000:32:23.378,Info,Arena,1,Enter_Zone,3
000:32:34.875,Info,Arena,1,Exit_Zone,3
000:32:34.875,Info,Arena,1,Enter_Zone,4
000:32:34.875,Info,Arena,2,Exit_Zone,3
000:32:34.875,Info,Arena,2,Enter_Zone,4
000:32:36.506,Info,Arena,2,Exit_Zone,4
000:32:36.506,Info,Arena,2,Enter_Zone,2
000:32:37.404,Info,Arena,1,Exit_Zone,4
000:32:37.404,Info,Arena,1,Enter_Zone,1
000:32:38.505,Info,Arena,1,Exit_Zone,1
000:32:38.505,Info,Arena,1,Enter_Zone,4
000:32:40.570,Info,Arena,1,Exit_Zone,4
000:32:40.570,Info,Arena,1,Enter_Zone,3
000:32:47.669,Info,Arena,2,Exit_Zone,2
000:32:47.669,Info,Arena,2,Enter_Zone,4
000:32:49.070,Info,Arena,2,Exit_Zone,4
000:32:49.070,Info,Arena,2,Enter_Zone,1
000:32:53.601,Info,Arena,1,Exit_Zone,3
000:32:53.601,Info,Arena,1,Enter_Zone,4
000:32:54.768,Info,Arena,2,Exit_Zone,1
000:32:54.768,Info,Arena,2,Enter_Zone,4
000:32:54.968,Info,Arena,1,Exit_Zone,4
000:32:54.968,Info,Arena,1,Enter_Zone,2
000:33:00.537,Info,Arena,2,Exit_Zone,4
000:33:00.537,Info,Arena,2,Enter_Zone,3
000:33:05.932,Info,Arena,1,Exit_Zone,2
000:33:05.932,Info,Arena,1,Enter_Zone,4
000:33:07.931,Info,Arena,1,Exit_Zone,4
000:33:07.931,Info,Arena,1,Enter_Zone,1
000:33:14.797,Info,Arena,1,Exit_Zone,1
000:33:14.797,Info,Arena,1,Enter_Zone,4
000:33:14.930,Info,Arena,1,Exit_Zone,4
000:33:14.930,Info,Arena,1,Enter_Zone,1
000:33:39.992,Info,Arena,1,Exit_Zone,1
000:33:39.992,Info,Arena,1,Enter_Zone,4
000:33:43.924,Info,Arena,1,Exit_Zone,4
000:33:43.924,Info,Arena,1,Enter_Zone,3
000:33:44.059,Info,Arena,2,Exit_Zone,3
000:33:44.059,Info,Arena,2,Enter_Zone,4
000:33:45.591,Info,Arena,2,Exit_Zone,4
000:33:45.591,Info,Arena,2,Enter_Zone,3
000:33:47.028,Info,Arena,1,Exit_Zone,3
000:33:47.028,Info,Arena,1,Enter_Zone,4
000:33:49.423,Info,Arena,1,Exit_Zone,4
000:33:49.423,Info,Arena,1,Enter_Zone,1
000:34:01.621,Info,Arena,2,Exit_Zone,3
000:34:01.621,Info,Arena,2,Enter_Zone,4
000:34:03.321,Info,Arena,2,Exit_Zone,4
000:34:03.321,Info,Arena,2,Enter_Zone,1
000:34:14.152,Info,Arena,1,Exit_Zone,1
000:34:14.152,Info,Arena,1,Enter_Zone,4
000:34:14.253,Info,Arena,2,Exit_Zone,1
000:34:14.253,Info,Arena,2,Enter_Zone,4
000:34:17.618,Info,Arena,1,Exit_Zone,4
000:34:17.618,Info,Arena,1,Enter_Zone,3
000:34:17.718,Info,Arena,1,Exit_Zone,3
000:34:17.718,Info,Arena,1,Enter_Zone,4
000:34:17.751,Info,Arena,1,Exit_Zone,4
000:34:17.751,Info,Arena,1,Enter_Zone,3
000:34:17.951,Info,Arena,2,Exit_Zone,4
000:34:17.951,Info,Arena,2,Enter_Zone,2
000:34:31.148,Info,Arena,2,Exit_Zone,2
000:34:31.148,Info,Arena,2,Enter_Zone,4
000:34:31.315,Info,Arena,1,Exit_Zone,3
000:34:31.315,Info,Arena,1,Enter_Zone,4
000:34:33.781,Info,Arena,2,Exit_Zone,4
000:34:33.781,Info,Arena,2,Enter_Zone,1
000:34:34.114,Info,Arena,1,Exit_Zone,4
000:34:34.114,Info,Arena,1,Enter_Zone,1
000:34:38.814,Info,Arena,1,Exit_Zone,1
000:34:38.814,Info,Arena,1,Enter_Zone,4
000:34:41.613,Info,Arena,1,Exit_Zone,4
000:34:41.613,Info,Arena,1,Enter_Zone,2
000:34:51.045,Info,Arena,1,Exit_Zone,2
000:34:51.045,Info,Arena,1,Enter_Zone,4
000:34:52.017,Info,Arena,1,Exit_Zone,4
000:34:52.017,Info,Arena,1,Enter_Zone,1
000:35:22.438,Info,Arena,1,Exit_Zone,1
000:35:22.438,Info,Arena,1,Enter_Zone,4
000:35:29.404,Info,Arena,1,Exit_Zone,4
000:35:29.404,Info,Arena,1,Enter_Zone,3
000:35:32.271,Info,Arena,2,Exit_Zone,1
000:35:32.271,Info,Arena,2,Enter_Zone,4
000:35:33.736,Info,Arena,1,Exit_Zone,3
000:35:33.736,Info,Arena,1,Enter_Zone,4
000:35:34.603,Info,Arena,2,Exit_Zone,4
000:35:34.603,Info,Arena,2,Enter_Zone,2
000:35:36.536,Info,Arena,1,Exit_Zone,4
000:35:36.536,Info,Arena,1,Enter_Zone,3
000:35:52.566,Info,Arena,1,Exit_Zone,3
000:35:52.566,Info,Arena,1,Enter_Zone,4
000:35:52.599,Info,Arena,1,Exit_Zone,4
000:35:52.599,Info,Arena,1,Enter_Zone,3
000:35:52.699,Info,Arena,1,Exit_Zone,3
000:35:52.699,Info,Arena,1,Enter_Zone,4
000:35:54.732,Info,Arena,2,Exit_Zone,2
000:35:54.732,Info,Arena,2,Enter_Zone,4
000:35:55.266,Info,Arena,1,Exit_Zone,4
000:35:55.266,Info,Arena,1,Enter_Zone,1
000:35:55.432,Info,Arena,1,Exit_Zone,1
000:35:55.432,Info,Arena,1,Enter_Zone,4
000:35:55.502,Info,Arena,1,Exit_Zone,4
000:35:55.502,Info,Arena,1,Enter_Zone,1
000:35:56.598,Info,Arena,1,Exit_Zone,1
000:35:56.598,Info,Arena,1,Enter_Zone,4
000:35:56.732,Info,Arena,2,Exit_Zone,4
000:35:56.732,Info,Arena,2,Enter_Zone,1
000:36:00.431,Info,Arena,1,Exit_Zone,4
000:36:00.431,Info,Arena,1,Enter_Zone,2
000:36:08.596,Info,Arena,2,Exit_Zone,1
000:36:08.596,Info,Arena,2,Enter_Zone,4
000:36:08.668,Info,Arena,1,Exit_Zone,2
000:36:08.668,Info,Arena,1,Enter_Zone,4
000:36:11.295,Info,Arena,1,Exit_Zone,4
000:36:11.295,Info,Arena,1,Enter_Zone,1
000:36:12.129,Info,Arena,2,Exit_Zone,4
000:36:12.129,Info,Arena,2,Enter_Zone,2
000:36:17.927,Info,Arena,1,Exit_Zone,1
000:36:17.927,Info,Arena,1,Enter_Zone,4
000:36:19.727,Info,Arena,1,Exit_Zone,4
000:36:19.727,Info,Arena,1,Enter_Zone,1
000:36:21.893,Info,Arena,1,Exit_Zone,1
000:36:21.893,Info,Arena,1,Enter_Zone,4
000:36:26.759,Info,Arena,2,Exit_Zone,2
000:36:26.759,Info,Arena,2,Enter_Zone,4
000:36:27.996,Info,Arena,1,Exit_Zone,4
000:36:27.996,Info,Arena,1,Enter_Zone,2
000:36:29.060,Info,Arena,2,Exit_Zone,4
000:36:29.060,Info,Arena,2,Enter_Zone,1
000:36:42.923,Info,Arena,2,Exit_Zone,1
000:36:42.923,Info,Arena,2,Enter_Zone,4
000:36:47.222,Info,Arena,2,Exit_Zone,4
000:36:47.222,Info,Arena,2,Enter_Zone,2
000:36:51.954,Info,Arena,1,Exit_Zone,2
000:36:51.954,Info,Arena,1,Enter_Zone,4
000:36:53.620,Info,Arena,1,Exit_Zone,4
000:36:53.620,Info,Arena,1,Enter_Zone,2
000:36:59.686,Info,Arena,2,Exit_Zone,2
000:36:59.686,Info,Arena,2,Enter_Zone,4
000:37:03.253,Info,Arena,2,Exit_Zone,4
000:37:03.253,Info,Arena,2,Enter_Zone,1
000:37:17.383,Info,Arena,2,Exit_Zone,1
000:37:17.383,Info,Arena,2,Enter_Zone,4
000:37:22.415,Info,Arena,2,Exit_Zone,4
000:37:22.415,Info,Arena,2,Enter_Zone,2
000:37:30.380,Info,Arena,1,Exit_Zone,2
000:37:30.380,Info,Arena,1,Enter_Zone,4
000:37:31.580,Info,Arena,1,Exit_Zone,4
000:37:31.580,Info,Arena,1,Enter_Zone,2
000:37:37.412,Info,Arena,2,Exit_Zone,2
000:37:37.412,Info,Arena,2,Enter_Zone,4
000:37:40.378,Info,Arena,2,Exit_Zone,4
000:37:40.378,Info,Arena,2,Enter_Zone,3
000:37:48.676,Info,Arena,2,Exit_Zone,3
000:37:48.676,Info,Arena,2,Enter_Zone,4
000:37:50.609,Info,Arena,2,Exit_Zone,4
000:37:50.609,Info,Arena,2,Enter_Zone,1
000:37:57.541,Info,Arena,2,Exit_Zone,1
000:37:57.541,Info,Arena,2,Enter_Zone,4
000:38:00.607,Info,Arena,2,Exit_Zone,4
000:38:00.607,Info,Arena,2,Enter_Zone,2
000:38:32.934,Info,Arena,2,Exit_Zone,2
000:38:32.934,Info,Arena,2,Enter_Zone,4
000:38:35.000,Info,Arena,2,Exit_Zone,4
000:38:35.000,Info,Arena,2,Enter_Zone,1
000:38:39.699,Info,Arena,2,Exit_Zone,1
000:38:39.699,Info,Arena,2,Enter_Zone,4
000:38:42.066,Info,Arena,2,Exit_Zone,4
000:38:42.066,Info,Arena,2,Enter_Zone,2
000:38:53.969,Info,Arena,2,Exit_Zone,2
000:38:53.969,Info,Arena,2,Enter_Zone,4
000:39:00.529,Info,Arena,2,Exit_Zone,4
000:39:00.529,Info,Arena,2,Enter_Zone,1
000:39:06.861,Info,Arena,2,Exit_Zone,1
000:39:06.861,Info,Arena,2,Enter_Zone,4
000:39:12.859,Info,Arena,2,Exit_Zone,4
000:39:12.859,Info,Arena,2,Enter_Zone,1
000:39:15.526,Info,Arena,2,Exit_Zone,1
000:39:15.526,Info,Arena,2,Enter_Zone,4
000:39:20.258,Info,Arena,2,Exit_Zone,4
000:39:20.258,Info,Arena,2,Enter_Zone,1
000:39:21.462,Info,Arena,2,Exit_Zone,1
000:39:21.462,Info,Arena,2,Enter_Zone,4
000:39:21.591,Info,Arena,2,Exit_Zone,4
000:39:21.591,Info,Arena,2,Enter_Zone,1
000:39:25.257,Info,Arena,1,Exit_Zone,2
000:39:25.257,Info,Arena,1,Enter_Zone,4
000:39:28.057,Info,Arena,1,Exit_Zone,4
000:39:28.057,Info,Arena,1,Enter_Zone,1
000:39:46.520,Info,Arena,2,Exit_Zone,1
000:39:46.520,Info,Arena,2,Enter_Zone,4
000:39:51.719,Info,Arena,2,Exit_Zone,4
000:39:51.719,Info,Arena,2,Enter_Zone,2
000:40:50.240,Info,Arena,2,Exit_Zone,2
000:40:50.240,Info,Arena,2,Enter_Zone,4
000:40:53.473,Info,Arena,2,Exit_Zone,4
000:40:53.473,Info,Arena,2,Enter_Zone,3
000:40:57.972,Info,Arena,2,Exit_Zone,3
000:40:57.972,Info,Arena,2,Enter_Zone,4
000:41:02.206,Info,Arena,2,Exit_Zone,4
000:41:02.206,Info,Arena,2,Enter_Zone,2
000:41:03.904,Info,Arena,2,Exit_Zone,2
000:41:03.904,Info,Arena,2,Enter_Zone,4
000:41:08.970,Info,Arena,2,Exit_Zone,4
000:41:08.970,Info,Arena,2,Enter_Zone,1
000:41:31.899,Info,Arena,1,Exit_Zone,1
000:41:31.899,Info,Arena,1,Enter_Zone,4
000:41:32.465,Info,Arena,1,Exit_Zone,4
000:41:32.465,Info,Arena,1,Enter_Zone,1
000:41:35.065,Info,Arena,1,Exit_Zone,1
000:41:35.065,Info,Arena,1,Enter_Zone,4
000:41:38.131,Info,Arena,1,Exit_Zone,4
000:41:38.131,Info,Arena,1,Enter_Zone,2
000:41:43.563,Info,Arena,2,Exit_Zone,1
000:41:43.563,Info,Arena,2,Enter_Zone,4
000:41:46.696,Info,Arena,2,Exit_Zone,4
000:41:46.696,Info,Arena,2,Enter_Zone,2
000:41:55.431,Info,Arena,1,Exit_Zone,2
000:41:55.431,Info,Arena,1,Enter_Zone,4
000:41:56.599,Info,Arena,1,Exit_Zone,4
000:41:56.599,Info,Arena,1,Enter_Zone,1
000:42:02.661,Info,Arena,1,Exit_Zone,1
000:42:02.661,Info,Arena,1,Enter_Zone,4
000:42:04.859,Info,Arena,1,Exit_Zone,4
000:42:04.859,Info,Arena,1,Enter_Zone,2
000:42:06.492,Info,Arena,2,Exit_Zone,2
000:42:06.492,Info,Arena,2,Enter_Zone,4
000:42:08.492,Info,Arena,2,Exit_Zone,4
000:42:08.492,Info,Arena,2,Enter_Zone,1
000:42:08.525,Info,Arena,2,Exit_Zone,1
000:42:08.525,Info,Arena,2,Enter_Zone,4
000:42:08.558,Info,Arena,2,Exit_Zone,4
000:42:08.558,Info,Arena,2,Enter_Zone,1
000:42:24.955,Info,Arena,2,Exit_Zone,1
000:42:24.955,Info,Arena,2,Enter_Zone,4
000:42:24.989,Info,Arena,2,Exit_Zone,4
000:42:24.989,Info,Arena,2,Enter_Zone,1
000:42:25.259,Info,Arena,2,Exit_Zone,1
000:42:25.259,Info,Arena,2,Enter_Zone,4
000:42:30.054,Info,Arena,2,Exit_Zone,4
000:42:30.054,Info,Arena,2,Enter_Zone,2
000:42:42.152,Info,Arena,1,Exit_Zone,2
000:42:42.152,Info,Arena,1,Enter_Zone,4
000:42:42.885,Info,Arena,1,Exit_Zone,4
000:42:42.885,Info,Arena,1,Enter_Zone,2
000:42:44.518,Info,Arena,2,Exit_Zone,2
000:42:44.518,Info,Arena,2,Enter_Zone,4
000:42:47.151,Info,Arena,2,Exit_Zone,4
000:42:47.151,Info,Arena,2,Enter_Zone,3
000:43:02.948,Info,Arena,2,Exit_Zone,3
000:43:02.948,Info,Arena,2,Enter_Zone,4
000:43:03.714,Info,Arena,2,Exit_Zone,4
000:43:03.714,Info,Arena,2,Enter_Zone,1
000:43:11.280,Info,Arena,2,Exit_Zone,1
000:43:11.280,Info,Arena,2,Enter_Zone,4
000:43:11.546,Info,Arena,2,Exit_Zone,4
000:43:11.546,Info,Arena,2,Enter_Zone,3
000:43:22.248,Info,Arena,1,Exit_Zone,2
000:43:22.248,Info,Arena,1,Enter_Zone,4
000:43:28.109,Info,Arena,1,Exit_Zone,4
000:43:28.109,Info,Arena,1,Enter_Zone,1
000:43:41.140,Info,Arena,1,Exit_Zone,1
000:43:41.140,Info,Arena,1,Enter_Zone,4
000:43:43.273,Info,Arena,1,Exit_Zone,4
000:43:43.273,Info,Arena,1,Enter_Zone,3
000:43:44.640,Info,Arena,1,Exit_Zone,3
000:43:44.640,Info,Arena,1,Enter_Zone,4
000:43:46.409,Info,Arena,1,Exit_Zone,4
000:43:46.409,Info,Arena,1,Enter_Zone,1
000:43:58.837,Info,Arena,2,Exit_Zone,3
000:43:58.837,Info,Arena,2,Enter_Zone,4
000:43:58.907,Info,Arena,1,Exit_Zone,1
000:43:58.907,Info,Arena,1,Enter_Zone,4
000:44:00.203,Info,Arena,2,Exit_Zone,4
000:44:00.203,Info,Arena,2,Enter_Zone,1
000:44:00.603,Info,Arena,1,Exit_Zone,4
000:44:00.603,Info,Arena,1,Enter_Zone,2
000:44:11.369,Info,Arena,2,Exit_Zone,1
000:44:11.369,Info,Arena,2,Enter_Zone,4
000:44:14.404,Info,Arena,2,Exit_Zone,4
000:44:14.404,Info,Arena,2,Enter_Zone,2
000:44:26.599,Info,Arena,2,Exit_Zone,2
000:44:26.599,Info,Arena,2,Enter_Zone,4
000:44:29.068,Info,Arena,2,Exit_Zone,4
000:44:29.068,Info,Arena,2,Enter_Zone,1
000:44:45.661,Info,Arena,2,Exit_Zone,1
000:44:45.661,Info,Arena,2,Enter_Zone,4
000:44:47.693,Info,Arena,2,Exit_Zone,4
000:44:47.693,Info,Arena,2,Enter_Zone,2
000:44:47.897,Info,Arena,1,Exit_Zone,2
000:44:47.897,Info,Arena,1,Enter_Zone,4
000:44:48.398,Info,Arena,1,Exit_Zone,4
000:44:48.398,Info,Arena,1,Enter_Zone,2
000:45:07.727,Info,Arena,2,Exit_Zone,2
000:45:07.727,Info,Arena,2,Enter_Zone,4
000:45:10.989,Info,Arena,2,Exit_Zone,4
000:45:10.989,Info,Arena,2,Enter_Zone,1
000:45:22.890,Info,Arena,2,Exit_Zone,1
000:45:22.890,Info,Arena,2,Enter_Zone,4
000:45:27.389,Info,Arena,2,Exit_Zone,4
000:45:27.389,Info,Arena,2,Enter_Zone,3
000:45:55.114,Info,Arena,1,Exit_Zone,2
000:45:55.114,Info,Arena,1,Enter_Zone,4
000:45:57.680,Info,Arena,1,Exit_Zone,4
000:45:57.680,Info,Arena,1,Enter_Zone,3
000:46:03.746,Info,Arena,1,Exit_Zone,3
000:46:03.746,Info,Arena,1,Enter_Zone,4
000:46:06.911,Info,Arena,1,Exit_Zone,4
000:46:06.911,Info,Arena,1,Enter_Zone,1
000:46:08.111,Info,Arena,1,Exit_Zone,1
000:46:08.111,Info,Arena,1,Enter_Zone,4
000:46:08.549,Info,Arena,2,Exit_Zone,3
000:46:08.549,Info,Arena,2,Enter_Zone,4
000:46:09.945,Info,Arena,1,Exit_Zone,4
000:46:09.945,Info,Arena,1,Enter_Zone,2
000:46:10.810,Info,Arena,2,Exit_Zone,4
000:46:10.810,Info,Arena,2,Enter_Zone,1
000:46:23.379,Info,Arena,1,Exit_Zone,2
000:46:23.379,Info,Arena,1,Enter_Zone,4
000:46:25.211,Info,Arena,1,Exit_Zone,4
000:46:25.211,Info,Arena,1,Enter_Zone,2
000:46:36.545,Info,Arena,2,Exit_Zone,1
000:46:36.545,Info,Arena,2,Enter_Zone,4
000:46:40.339,Info,Arena,2,Exit_Zone,4
000:46:40.339,Info,Arena,2,Enter_Zone,2
000:46:41.875,Info,Arena,1,Exit_Zone,2
000:46:41.875,Info,Arena,1,Enter_Zone,4
000:46:42.638,Info,Arena,1,Exit_Zone,4
000:46:42.638,Info,Arena,1,Enter_Zone,2
000:46:54.968,Info,Arena,1,Exit_Zone,2
000:46:54.968,Info,Arena,1,Enter_Zone,4
000:46:58.834,Info,Arena,2,Exit_Zone,2
000:46:58.834,Info,Arena,2,Enter_Zone,4
000:46:59.136,Info,Arena,1,Exit_Zone,4
000:46:59.136,Info,Arena,1,Enter_Zone,2
000:47:01.335,Info,Arena,2,Exit_Zone,4
000:47:01.335,Info,Arena,2,Enter_Zone,3
000:48:14.690,Info,Arena,1,Exit_Zone,2
000:48:14.690,Info,Arena,1,Enter_Zone,4
000:48:18.418,Info,Arena,1,Exit_Zone,4
000:48:18.418,Info,Arena,1,Enter_Zone,1
000:48:19.052,Info,Arena,2,Exit_Zone,3
000:48:19.052,Info,Arena,2,Enter_Zone,4
000:48:22.218,Info,Arena,2,Exit_Zone,4
000:48:22.218,Info,Arena,2,Enter_Zone,1
000:48:24.817,Info,Arena,1,Exit_Zone,1
000:48:24.817,Info,Arena,1,Enter_Zone,4
000:48:28.918,Info,Arena,1,Exit_Zone,4
000:48:28.918,Info,Arena,1,Enter_Zone,1
000:48:49.913,Info,Arena,2,Exit_Zone,1
000:48:49.913,Info,Arena,2,Enter_Zone,4
000:48:51.412,Info,Arena,2,Exit_Zone,4
000:48:51.412,Info,Arena,2,Enter_Zone,2
000:49:21.773,Info,Arena,2,Exit_Zone,2
000:49:21.773,Info,Arena,2,Enter_Zone,4
000:49:25.405,Info,Arena,2,Exit_Zone,4
000:49:25.405,Info,Arena,2,Enter_Zone,1
000:49:40.970,Info,Arena,2,Exit_Zone,1
000:49:40.970,Info,Arena,2,Enter_Zone,4
000:49:43.535,Info,Arena,2,Exit_Zone,4
000:49:43.535,Info,Arena,2,Enter_Zone,3
000:49:57.799,Info,Arena,2,Exit_Zone,3
000:49:57.799,Info,Arena,2,Enter_Zone,4
000:49:59.932,Info,Arena,2,Exit_Zone,4
000:49:59.932,Info,Arena,2,Enter_Zone,2
000:50:13.396,Info,Arena,2,Exit_Zone,2
000:50:13.396,Info,Arena,2,Enter_Zone,4
000:50:17.696,Info,Arena,2,Exit_Zone,4
000:50:17.696,Info,Arena,2,Enter_Zone,1
000:50:31.059,Info,Arena,2,Exit_Zone,1
000:50:31.059,Info,Arena,2,Enter_Zone,4
000:50:32.859,Info,Arena,2,Exit_Zone,4
000:50:32.859,Info,Arena,2,Enter_Zone,3
000:51:12.821,Info,Arena,2,Exit_Zone,3
000:51:12.821,Info,Arena,2,Enter_Zone,4
000:51:14.154,Info,Arena,2,Exit_Zone,4
000:51:14.154,Info,Arena,2,Enter_Zone,1
000:51:24.182,Info,Arena,2,Exit_Zone,1
000:51:24.182,Info,Arena,2,Enter_Zone,4
000:51:26.515,Info,Arena,2,Exit_Zone,4
000:51:26.515,Info,Arena,2,Enter_Zone,3
000:51:27.181,Info,Arena,1,Exit_Zone,1
000:51:27.181,Info,Arena,1,Enter_Zone,4
000:51:30.082,Info,Arena,1,Exit_Zone,4
000:51:30.082,Info,Arena,1,Enter_Zone,1
000:51:45.044,Info,Arena,1,Exit_Zone,1
000:51:45.044,Info,Arena,1,Enter_Zone,4
000:51:49.344,Info,Arena,1,Exit_Zone,4
000:51:49.344,Info,Arena,1,Enter_Zone,3
000:51:52.443,Info,Arena,1,Exit_Zone,3
000:51:52.443,Info,Arena,1,Enter_Zone,4
000:51:55.813,Info,Arena,1,Exit_Zone,4
000:51:55.813,Info,Arena,1,Enter_Zone,3
000:52:04.941,Info,Arena,1,Exit_Zone,3
000:52:04.941,Info,Arena,1,Enter_Zone,4
000:52:07.340,Info,Arena,1,Exit_Zone,4
000:52:07.340,Info,Arena,1,Enter_Zone,3
000:53:52.956,Info,Arena,1,Exit_Zone,3
000:53:52.956,Info,Arena,1,Enter_Zone,4
000:53:54.186,Info,Arena,1,Exit_Zone,4
000:53:54.186,Info,Arena,1,Enter_Zone,3
000:54:53.007,Info,Arena,1,Exit_Zone,3
000:54:53.007,Info,Arena,1,Enter_Zone,4
000:54:54.374,Info,Arena,1,Exit_Zone,4
000:54:54.374,Info,Arena,1,Enter_Zone,3
000:55:03.943,Info,Arena,1,Exit_Zone,3
000:55:03.943,Info,Arena,1,Enter_Zone,4
000:55:11.870,Info,Arena,1,Exit_Zone,4
000:55:11.870,Info,Arena,1,Enter_Zone,1
000:55:48.563,Info,Arena,2,Exit_Zone,3
000:55:48.563,Info,Arena,2,Enter_Zone,4
000:55:51.101,Info,Arena,2,Exit_Zone,4
000:55:51.101,Info,Arena,2,Enter_Zone,1
000:56:06.360,Info,Arena,2,Exit_Zone,1
000:56:06.360,Info,Arena,2,Enter_Zone,4
000:56:09.492,Info,Arena,2,Exit_Zone,4
000:56:09.492,Info,Arena,2,Enter_Zone,2
000:56:16.595,Info,Arena,1,Exit_Zone,1
000:56:16.595,Info,Arena,1,Enter_Zone,4
000:56:19.857,Info,Arena,1,Exit_Zone,4
000:56:19.857,Info,Arena,1,Enter_Zone,2
000:56:29.190,Info,Arena,2,Exit_Zone,2
000:56:29.190,Info,Arena,2,Enter_Zone,4
000:56:32.121,Info,Arena,2,Exit_Zone,4
000:56:32.121,Info,Arena,2,Enter_Zone,3
000:57:46.009,Info,Arena,2,Exit_Zone,3
000:57:46.009,Info,Arena,2,Enter_Zone,4
000:57:49.106,Info,Arena,2,Exit_Zone,4
000:57:49.106,Info,Arena,2,Enter_Zone,1
000:58:10.603,Info,Arena,2,Exit_Zone,1
000:58:10.603,Info,Arena,2,Enter_Zone,4
000:58:13.238,Info,Arena,2,Exit_Zone,4
000:58:13.238,Info,Arena,2,Enter_Zone,3
001:00:07.245,Info,Arena,2,Exit_Zone,3
001:00:07.245,Info,Arena,2,Enter_Zone,4
001:00:07.612,Info,Arena,2,Exit_Zone,4
001:00:07.612,Info,Arena,2,Enter_Zone,3
001:00:09.179,Info,Arena,2,Exit_Zone,3
001:00:09.179,Info,Arena,2,Enter_Zone,4
001:00:09.882,Info,Arena,2,Exit_Zone,4
001:00:09.882,Info,Arena,2,Enter_Zone,3
001:00:09.945,Info,Arena,2,Exit_Zone,3
001:00:09.945,Info,Arena,2,Enter_Zone,4
001:00:10.579,Info,Arena,2,Exit_Zone,4
001:00:10.579,Info,Arena,2,Enter_Zone,3
001:00:27.776,Info,Arena,1,Exit_Zone,2
001:00:27.776,Info,Arena,1,Enter_Zone,4
001:00:30.690,Info,14/07/2021 3:47,Service 'qwer_small_detect_vid' : Execution end,,
